<?xml version="1.0" encoding="utf-8"?>
<resources>
	<Language Name = "English" Code = "en_US"
	    FontFile = "res/DejaVuSans.ttf" Dictionary = "englishUK/brit-a-z.txt"/>
	<CharecterSet>
		<Alphabets>
		    <Include Start = "97" End = "122"></Include>
		</Alphabets>
				
		<Numbers>
		    <Include Start = "48" End = "57"></Include>
		</Numbers>
		
		<OtherChars>
		    <Include start = "33" end = "126"></Include>
			<Exclude Start = "48" End = "57"></Exclude>
			<Exclude Start = "65" End = "90"></Exclude>
			<Exclude Start = "97" End = "122"></Exclude>
		</OtherChars>
	</CharecterSet>    
</resources>